mid_date,start_date,end_date,volume,elevation,alongshore_centroid_m,alongshore_start_m,alongshore_end_m,width,height,vol_unc,month
2017-04-04 12:00:00,2017-03-29,2017-04-11,14.568286875,17.321997054904237,1363.4920542411921,1363.0,1364.0,1.25,1.25,0.9169705912500001,4
2017-04-04 12:00:00,2017-03-29,2017-04-11,33.2893759375,6.2226311081999395,1451.3749407381783,1444.0,1456.75,13.0,5.5,3.6149677223125,4
2017-05-03 12:00:00,2017-04-20,2017-05-17,269.95890668749996,17.312232472491907,1573.915327545244,1562.0,1582.75,21.0,13.75,17.901965128500002,5
2017-05-03 12:00:00,2017-04-20,2017-05-17,13.216906625,5.470710878944035,1451.94760407274,1449.5,1454.75,5.5,5.0,1.585374709375,5
2017-05-03 12:00:00,2017-04-20,2017-05-17,10.769675,10.94233014227449,1455.2631997077442,1454.75,1455.75,1.25,1.5,0.6829232162500001,5
2017-05-03 12:00:00,2017-04-20,2017-05-17,10.1937111875,5.755659077340815,1447.251855837845,1445.0,1449.75,5.0,5.0,1.2704668317499999,5
2017-05-30 12:00:00,2017-05-17,2017-06-13,82.5629795,19.46147973980124,1573.8037098476066,1570.0,1577.75,8.0,10.25,4.377245820875,5
2017-05-30 12:00:00,2017-05-17,2017-06-13,12.767918125000003,12.96940400277668,1852.298447282591,1851.0,1852.75,2.0,2.25,0.212182309375,5
2017-05-30 12:00:00,2017-05-17,2017-06-13,13.024704750000001,8.866233962760269,1852.2836770001927,1851.0,1852.75,2.0,5.5,0.8962327722500001,5
2017-05-30 12:00:00,2017-05-17,2017-06-13,30.1021566875,13.67682808646848,1371.6499074525407,1367.5,1375.5,8.25,6.5,3.2088075490625,5
2017-06-20 12:00:00,2017-06-13,2017-06-28,55.2515669375,7.207716280085002,1576.7629391669707,1569.25,1584.0,15.0,9.5,6.2665785535625,6
2017-06-20 12:00:00,2017-06-13,2017-06-28,46.367937,19.738377611963845,1592.0216544391844,1588.5,1594.5,6.25,9.75,3.5575689148125003,6
2017-06-20 12:00:00,2017-06-13,2017-06-28,19.11917175,5.126115018718058,1335.7938354615833,1333.25,1338.75,5.75,6.25,2.402145023,6
2017-06-20 12:00:00,2017-06-13,2017-06-28,22.3854269375,5.084168156821869,874.869919566198,866.0,881.75,16.0,6.0,4.163492006375,6
2017-07-05 12:00:00,2017-06-28,2017-07-13,176.489844125,17.029164274971567,1585.6773774993023,1579.5,1592.75,13.5,15.25,9.426006445687499,7
2017-08-04 00:00:00,2017-07-28,2017-08-11,13.346458125,13.954176161812217,1017.4213388917368,1016.0,1018.75,3.0,2.0,0.1665821456875,8
2017-08-24 12:00:00,2017-08-11,2017-09-07,51.322027,13.126875655712606,1503.7986617035924,1497.25,1509.5,12.5,7.5,5.0103541738125,8
2017-08-24 12:00:00,2017-08-11,2017-09-07,47.6031724375,8.330815617949119,1460.0028645084042,1456.75,1462.75,6.25,7.75,3.4054388496250003,8
2017-12-03 00:00:00,2017-12-01,2017-12-05,22.88984,5.874543527690671,1569.1439464790928,1561.0,1576.75,16.0,7.25,3.7734621474375,12
2017-12-03 00:00:00,2017-12-01,2017-12-05,15.070540750000001,10.213172429214259,1172.9090967951415,1169.75,1177.0,7.5,7.25,2.449867359125,12
2017-12-03 00:00:00,2017-12-01,2017-12-05,15.177422125,5.3324104973788495,1404.9999364207738,1402.0,1407.75,6.0,4.0,2.087705541,12
2017-12-03 00:00:00,2017-12-01,2017-12-05,47.2641495,5.119750957131366,1584.4804393044112,1575.0,1596.75,22.0,7.0,6.0989652606875,12
2017-12-20 00:00:00,2017-12-19,2017-12-21,11.697189375,21.3585288891247,1572.1127180364856,1571.0,1572.75,2.0,1.75,0.31405586187499995,12
2018-01-07 12:00:00,2018-01-05,2018-01-10,19.642865750000002,9.103716127508024,1566.387527386215,1563.25,1569.25,6.25,7.5,2.7097991548124996,1
2018-01-07 12:00:00,2018-01-05,2018-01-10,13.383535625,7.110919780073062,1539.833750866328,1535.0,1543.5,8.75,5.75,2.1092797264375,1
2018-01-07 12:00:00,2018-01-05,2018-01-10,11.360535875,6.167433329261856,1620.4274639754287,1616.0,1625.75,10.0,3.75,1.9381518385625,1
2018-01-07 12:00:00,2018-01-05,2018-01-10,10.8475109375,8.029486254551195,684.5649229352298,680.0,688.75,9.0,4.75,1.8028615882499999,1
2018-01-18 12:00:00,2018-01-18,2018-01-19,22.05220475,5.285460738625238,1109.9721722935094,1104.5,1117.25,13.0,4.25,2.712882670125,1
2018-02-12 12:00:00,2018-02-09,2018-02-16,13.288681875,13.1069182298978,1510.899280607261,1510.0,1511.75,2.0,1.0,0.050917424375000006,2
2018-03-16 12:00:00,2018-03-14,2018-03-19,10.634932500000001,12.77395895554579,1510.5894425781498,1510.0,1511.75,2.0,1.25,0.30395349124999993,3
2018-03-16 12:00:00,2018-03-14,2018-03-19,11.755008625,10.654869061718786,636.2725434091291,635.75,636.75,1.25,3.5,1.0793905190625,3
2018-04-15 12:00:00,2018-04-12,2018-04-19,25.6355095625,12.960571943770582,1511.8552223239037,1510.0,1514.75,5.0,5.5,1.075442484875,4
2018-06-04 00:00:00,2018-05-24,2018-06-15,11.184293624999999,20.336855080107934,1440.794743999758,1440.0,1441.75,2.0,1.75,0.28555253581249995,6
2018-06-04 00:00:00,2018-05-24,2018-06-15,10.800852,13.98737619697733,1471.0114670930589,1468.5,1474.0,5.75,5.0,1.74288790575,6
2018-08-19 00:00:00,2018-08-14,2018-08-24,221.29209175,17.19337197080948,1690.1600495138484,1681.0,1696.75,16.0,10.0,8.43287672225,8
2018-09-15 12:00:00,2018-09-10,2018-09-21,10.947400625,16.087092385401306,879.820120515481,878.0,881.75,4.0,3.5,1.282099898375,9
2018-09-29 00:00:00,2018-09-26,2018-10-02,17.0268121875,13.215210337651468,1719.6071698150192,1717.25,1722.75,5.75,5.0,1.762422720125,9
2018-09-29 00:00:00,2018-09-26,2018-10-02,381.86197175000007,19.079663704796822,1565.3814538560669,1558.0,1573.25,15.5,13.5,15.6051949076875,9
2018-10-03 12:00:00,2018-10-02,2018-10-05,12.370899374999997,5.958159393120115,1555.5946438362737,1555.0,1556.75,2.0,1.25,0.12739210525,10
2018-10-03 12:00:00,2018-10-02,2018-10-05,17.38365375,5.545822231848123,1553.71034408546,1553.0,1554.5,1.75,2.75,0.494408974,10
2018-10-03 12:00:00,2018-10-02,2018-10-05,22.195686000000002,11.730310843118342,1850.7175704084455,1850.0,1851.75,2.0,4.75,0.6960115151250001,10
2018-10-03 12:00:00,2018-10-02,2018-10-05,625.9571627500001,18.521201900603817,1553.7038140616853,1543.5,1567.25,24.0,15.25,22.690195913562498,10
2018-10-12 00:00:00,2018-10-08,2018-10-16,12.010266,22.036666351987957,1553.813949036391,1552.0,1557.25,5.5,4.25,1.2094320800624998,10
2018-10-12 00:00:00,2018-10-08,2018-10-16,12.60545875,10.949710936244186,630.9249789922362,630.0,631.75,2.0,1.25,0.22897520875,10
2018-10-19 00:00:00,2018-10-16,2018-10-22,31.521086375000003,11.854400452711236,1586.4515945924863,1583.0,1590.75,8.0,9.25,3.138137183875,10
2018-11-24 00:00:00,2018-11-21,2018-11-27,42.8726371875,5.554908947642517,1688.9725928157745,1680.0,1697.0,17.25,7.5,6.2379050575625,11
2018-11-24 00:00:00,2018-11-21,2018-11-27,92.50172325,5.722186196035272,1558.6092722181731,1540.0,1574.0,34.25,8.0,10.6518886839375,11
2018-12-07 00:00:00,2018-12-04,2018-12-10,229.51479475000002,20.68882355091076,1544.07484893949,1535.0,1553.5,18.75,8.75,10.6963177081875,12
2018-12-14 00:00:00,2018-12-10,2018-12-18,13.66433125,11.091392542079218,1455.3445659845227,1454.75,1455.75,1.25,2.0,0.791599163125,12
2018-12-22 00:00:00,2018-12-18,2018-12-26,15.7051384375,7.689108115948435,1618.180515685322,1613.5,1621.75,8.5,6.75,2.3925457673125,12
2018-12-22 00:00:00,2018-12-18,2018-12-26,10.2833015,11.488712016819209,1719.2661915442475,1716.25,1721.75,5.75,6.25,1.6049689813125,12
2018-12-22 00:00:00,2018-12-18,2018-12-26,19.116208375,6.126051838097575,1708.6532138806658,1704.0,1712.5,8.75,5.75,3.4105287093124996,12
2018-12-22 00:00:00,2018-12-18,2018-12-26,38.6340811875,5.3481261256020645,1686.1293925431116,1677.0,1694.75,18.0,5.75,5.739191160500001,12
2018-12-22 00:00:00,2018-12-18,2018-12-26,11.12179825,6.077264295479374,1623.9955652545893,1620.0,1627.0,7.25,6.0,1.80617959775,12
2018-12-22 00:00:00,2018-12-18,2018-12-26,13.923040624999999,6.109778366480203,1417.6090767450896,1415.5,1420.75,5.5,3.5,1.1401025591874998,12
2018-12-22 00:00:00,2018-12-18,2018-12-26,14.026008000000001,5.526376016522305,1404.5297404393768,1402.0,1406.5,4.75,5.75,1.847203984,12
2018-12-22 00:00:00,2018-12-18,2018-12-26,36.579881375,6.00866986861914,1502.6677599168916,1497.75,1508.75,11.25,7.5,4.1647171993125,12
2018-12-22 00:00:00,2018-12-18,2018-12-26,14.761137062500001,5.078529181777591,1460.280254760862,1456.25,1463.25,7.25,4.0,1.5763396910000003,12
2018-12-22 00:00:00,2018-12-18,2018-12-26,68.83201918750001,6.37344496845798,1473.6440408540263,1465.0,1480.75,16.0,8.0,7.3563349685625,12
2018-12-22 00:00:00,2018-12-18,2018-12-26,100.7100790625,5.650473472346998,1571.2787351104969,1553.5,1590.75,37.5,7.25,12.121707028,12
2018-12-22 00:00:00,2018-12-18,2018-12-26,82.8220045,5.409864326877043,1542.538797801276,1532.0,1553.5,21.75,7.75,8.196661149312499,12
2018-12-22 00:00:00,2018-12-18,2018-12-26,15.1141060625,6.377888547965189,1109.722323726002,1106.5,1112.75,6.5,5.25,1.983218404375,12
2018-12-22 00:00:00,2018-12-18,2018-12-26,26.548906125000002,6.031457697322548,1102.078533695849,1097.75,1107.0,9.5,5.75,2.84224279675,12
2018-12-22 00:00:00,2018-12-18,2018-12-26,11.287823875,5.30103452264177,918.2805851204755,914.25,922.5,8.5,4.25,1.7856547589999998,12
2018-12-29 12:00:00,2018-12-26,2019-01-02,48.182045875,10.644566282388062,2024.8516212958286,2020.0,2029.75,10.0,8.75,4.623304047187499,12
2018-12-29 12:00:00,2018-12-26,2019-01-02,12.0349030625,6.504192908720406,2119.4686826115326,2116.0,2122.25,6.5,3.0,1.0609580595625,12
2018-12-29 12:00:00,2018-12-26,2019-01-02,30.469155625,7.669917194333146,1426.7873886919947,1425.0,1428.75,4.0,4.0,0.8721035744375,12
2019-01-04 12:00:00,2019-01-02,2019-01-07,43.1148930625,12.329173170902376,2022.5735787460035,2019.75,2026.75,7.25,8.5,3.3700531355,1
2019-01-04 12:00:00,2019-01-02,2019-01-07,11.859322375000001,6.173027044473104,945.9426080365002,942.25,950.75,8.75,4.0,1.4642946513750001,1
2019-01-10 12:00:00,2019-01-07,2019-01-14,11.013433125000002,13.636260460450197,2130.0341888737803,2129.0,2130.75,2.0,2.0,0.7826246274999998,1
2019-01-16 12:00:00,2019-01-14,2019-01-19,34.404020125,6.919547078747821,1475.7059704684184,1469.0,1479.5,10.75,7.25,3.9355743056875,1
2019-01-16 12:00:00,2019-01-14,2019-01-19,11.30267675,5.648585036781221,1219.5845733677643,1215.0,1223.25,8.5,4.0,1.7493442259375,1
2019-01-16 12:00:00,2019-01-14,2019-01-19,26.490083062500002,6.12493495295736,1106.1058184925141,1098.0,1111.75,14.0,5.5,3.42029787325,1
2019-01-16 12:00:00,2019-01-14,2019-01-19,11.5716670625,6.17995682131431,1305.4120825708817,1302.0,1308.75,7.0,4.25,1.6663158066875,1
2019-01-21 00:00:00,2019-01-19,2019-01-23,26.738623625000002,9.212862472319944,1562.5446227904897,1555.0,1569.25,14.5,6.5,3.8803303141875,1
2019-01-21 00:00:00,2019-01-19,2019-01-23,41.762635624999994,11.183881076740594,1724.3648185234122,1719.0,1730.25,11.5,6.25,3.4686960809375003,1
2019-01-21 00:00:00,2019-01-19,2019-01-23,68.6691155625,13.739783194009375,1787.7037473969522,1778.5,1799.0,20.75,7.75,9.2695234063125,1
2019-01-21 00:00:00,2019-01-19,2019-01-23,30.883493375,7.45259135688289,12.372964570551922,5.0,18.0,13.25,5.75,3.5880402455000002,1
2019-01-21 00:00:00,2019-01-19,2019-01-23,23.920216125,6.026507856489948,1548.9442102781952,1543.25,1555.75,12.75,7.75,3.763513855625,1
2019-01-26 12:00:00,2019-01-23,2019-01-30,51.065766624999995,12.12064813794911,1787.8654328562257,1778.75,1797.5,19.0,6.25,6.931479720312501,1
2019-02-02 12:00:00,2019-01-30,2019-02-06,17.723805312499998,8.436594466689813,1541.341546722199,1537.0,1545.75,9.0,6.0,2.5812023774374997,2
2019-02-02 12:00:00,2019-01-30,2019-02-06,17.665410625,7.837045544193231,1501.530449328467,1496.0,1507.75,12.0,5.25,2.6575726600625,2
2019-02-02 12:00:00,2019-01-30,2019-02-06,28.264150437499996,8.503694105373198,2221.7985034358026,2218.25,2225.25,7.25,7.5,2.6500617686875,2
2019-02-02 12:00:00,2019-01-30,2019-02-06,12.3970714375,9.386894037015587,1617.5287769576712,1614.5,1621.75,7.5,4.5,1.7408024902500001,2
2019-02-02 12:00:00,2019-01-30,2019-02-06,58.3426838125,10.627758605446225,1787.9186124165603,1778.5,1797.75,19.5,6.25,7.4102386745,2
2019-02-02 12:00:00,2019-01-30,2019-02-06,12.1395304375,7.350055373332064,1304.1174132046715,1302.0,1307.75,6.0,3.75,1.5660124498124999,2
2019-02-02 12:00:00,2019-01-30,2019-02-06,23.7193504375,11.009650524472757,1194.3733178393556,1191.0,1198.25,7.5,8.75,2.87510077925,2
2019-02-02 12:00:00,2019-01-30,2019-02-06,29.459010875,8.716017214418779,1106.0322102596942,1100.0,1113.75,14.0,5.75,4.010357568,2
2019-02-02 12:00:00,2019-01-30,2019-02-06,17.9803660625,7.034634809141835,952.1247146874863,945.0,960.75,16.0,4.5,2.5504933536250003,2
2019-02-13 12:00:00,2019-02-12,2019-02-15,10.0739910625,7.833416346712687,1531.6934504427452,1528.75,1535.75,7.25,5.25,1.7002610106875,2
2019-02-13 12:00:00,2019-02-12,2019-02-15,14.40000775,13.667677041918607,1389.112402701007,1386.0,1391.75,6.0,4.5,1.7250168180000003,2
2019-02-13 12:00:00,2019-02-12,2019-02-15,79.19190156250001,11.169680831473908,2155.492115190242,2148.5,2167.75,19.5,8.25,7.103229446249999,2
2019-02-13 12:00:00,2019-02-12,2019-02-15,11.442976062500001,8.804927174566917,1891.5086002744247,1888.0,1893.75,6.0,4.25,1.2390182631875,2
2019-02-13 12:00:00,2019-02-12,2019-02-15,14.517595937500001,16.167990047077996,1783.713627918164,1780.0,1786.75,7.0,4.25,1.8465518374375,2
2019-02-13 12:00:00,2019-02-12,2019-02-15,17.108345687499998,9.615258135840143,1209.3970025752894,1205.75,1214.75,9.25,6.0,2.3774414285,2
2019-02-13 12:00:00,2019-02-12,2019-02-15,11.740813687500001,11.230900014175443,1106.524562852514,1100.0,1113.25,13.5,3.75,1.899976750875,2
2019-02-17 00:00:00,2019-02-15,2019-02-19,14.307401562499999,9.916397498366504,1479.034069791455,1476.0,1482.75,7.0,5.0,1.6895607026875001,2
2019-02-17 00:00:00,2019-02-15,2019-02-19,352.7611169375,18.558273446951404,1466.9104127139406,1458.0,1478.25,20.5,16.5,18.359295248875,2
2019-02-17 00:00:00,2019-02-15,2019-02-19,13.1536870625,14.572417011184688,1456.8575056471927,1455.0,1460.75,6.0,2.0,0.677588534375,2
2019-03-18 00:00:00,2019-03-15,2019-03-21,156.5421734375,16.747122045615683,1698.9716942915272,1693.0,1704.5,11.75,11.75,7.6664103238125,3
2019-04-12 00:00:00,2019-04-09,2019-04-15,17.57710925,9.431281725122123,1868.6032250857393,1865.0,1871.75,7.0,5.25,2.1179913368124996,4
2019-06-13 12:00:00,2019-06-10,2019-06-17,16.3314686875,11.616479608449485,1609.992519037221,1606.0,1612.75,7.0,4.75,1.8919120694375,6
2019-06-28 00:00:00,2019-06-24,2019-07-02,53.606489124999996,19.183070819425257,1474.5913328157405,1471.0,1478.75,8.0,9.0,3.439057609375,6
2019-07-05 00:00:00,2019-07-02,2019-07-08,63.6717015,13.58455099358386,1457.575139094563,1453.25,1460.75,7.75,9.0,4.586958918625,7
2019-07-12 00:00:00,2019-07-08,2019-07-16,21.850139312499998,16.654085803898006,1477.052206275407,1475.0,1480.75,6.0,5.25,1.3980266114375,7
2019-07-19 00:00:00,2019-07-16,2019-07-22,10.2566133125,13.317527161575926,1480.6873116478207,1478.75,1482.75,4.25,4.5,1.0014518832500001,7
2019-07-19 00:00:00,2019-07-16,2019-07-22,20.365066,15.922874165065315,1473.496912633533,1469.25,1477.0,8.0,3.25,1.2599018688124999,7
2019-07-19 00:00:00,2019-07-16,2019-07-22,18.756065,15.148430953367617,1465.0988526994468,1459.25,1472.75,13.75,4.5,2.0738438814375,7
2019-09-27 00:00:00,2019-09-24,2019-09-30,15.772690625000001,20.194043868545734,1386.2496801334423,1385.75,1386.75,1.25,2.0,0.63943252,9
2019-09-27 00:00:00,2019-09-24,2019-09-30,11.241655624999998,9.641001778597003,1354.3290850202281,1354.0,1354.75,1.0,2.75,0.3562441942499999,9
2019-11-01 12:00:00,2019-10-29,2019-11-05,11.534300250000001,9.003088030036759,1872.4985759566343,1869.75,1875.25,5.75,4.75,1.7646713639375,11
2019-11-20 00:00:00,2019-11-18,2019-11-22,15.872218125,8.042388607153168,1876.93082947626,1874.0,1880.75,7.0,4.5,1.8669995704375,11
2019-11-29 00:00:00,2019-11-26,2019-12-02,10.274925062500001,5.488540994590343,1702.6093630375685,1700.0,1706.75,7.0,4.0,1.5013104667500001,11
2019-11-29 00:00:00,2019-11-26,2019-12-02,22.9111249375,8.345661897592498,1685.958758091617,1680.0,1690.75,11.0,7.0,3.7372190760625,11
2019-11-29 00:00:00,2019-11-26,2019-12-02,28.199115562500005,6.131151977907001,1786.1770162460257,1778.25,1792.5,14.5,5.5,4.763605280437501,11
2019-11-29 00:00:00,2019-11-26,2019-12-02,24.3625201875,7.262288568575659,1563.4542822325984,1557.5,1569.0,11.75,6.5,3.7437459803750004,11
2019-11-29 00:00:00,2019-11-26,2019-12-02,17.253133499999997,9.773653845437702,1544.5660430955197,1542.0,1547.0,5.25,9.75,2.5897916842499997,11
2019-11-29 00:00:00,2019-11-26,2019-12-02,21.31714025,10.181835904765649,1654.1919410257492,1651.0,1656.75,6.0,6.25,2.0645042720625,11
2019-11-29 00:00:00,2019-11-26,2019-12-02,25.23138425,6.115784231596409,1615.4835649679278,1609.25,1622.0,13.0,5.75,3.6943785521874997,11
2019-11-29 00:00:00,2019-11-26,2019-12-02,65.70693175,13.540674768210433,2116.7487672766542,2109.0,2126.75,18.0,5.75,5.419451584,11
2019-11-29 00:00:00,2019-11-26,2019-12-02,13.3477376875,7.075140735576805,2212.2828519341824,2208.0,2215.75,8.0,4.0,1.9871578624375,11
2019-11-29 00:00:00,2019-11-26,2019-12-02,25.4563575,6.097071420420224,2153.2928630046054,2148.25,2161.25,13.25,6.25,3.77129025825,11
2019-11-29 00:00:00,2019-11-26,2019-12-02,24.212556437499998,8.361833146656348,1887.7031874477846,1883.0,1891.5,8.75,8.25,2.7633227725625,11
2019-11-29 00:00:00,2019-11-26,2019-12-02,11.74080775,7.379094784545383,1867.1873885870418,1864.75,1870.75,6.25,6.5,1.832291182,11
2019-11-29 00:00:00,2019-11-26,2019-12-02,18.008552437499997,8.56897667812619,1855.3522062307352,1851.0,1859.25,8.5,6.0,2.758785831875,11
2019-11-29 00:00:00,2019-11-26,2019-12-02,26.901135562500002,8.900225690170622,1920.153873983535,1916.25,1925.75,9.75,7.5,3.6810308724375,11
2019-11-29 00:00:00,2019-11-26,2019-12-02,33.546812125,10.341572588955797,157.54980573610538,151.0,167.75,17.0,4.75,4.5105137324375,11
2019-11-29 00:00:00,2019-11-26,2019-12-02,10.3541716875,8.50980641727697,1440.2602392032848,1438.0,1442.75,5.0,4.0,1.2520672234374999,11
2019-11-29 00:00:00,2019-11-26,2019-12-02,10.7853563125,12.838579783881853,1459.2587105838027,1454.75,1463.5,9.0,8.25,1.7957030683125002,11
2019-11-29 00:00:00,2019-11-26,2019-12-02,16.858097875,7.599563275165765,1463.4172476081098,1461.0,1467.25,6.5,6.75,2.1733843485,11
2019-11-29 00:00:00,2019-11-26,2019-12-02,26.934354000000003,8.658754253025709,1480.077991566783,1475.0,1483.5,8.75,7.25,3.3324662690625,11
2019-11-29 00:00:00,2019-11-26,2019-12-02,115.2038065625,10.557920626678726,1382.1655100811677,1374.0,1388.75,15.0,9.5,8.176536231250001,11
2019-11-29 00:00:00,2019-11-26,2019-12-02,33.5512145625,15.444259623142221,1087.405474895038,1084.0,1090.75,7.0,6.5,2.8235645315625,11
2019-11-29 00:00:00,2019-11-26,2019-12-02,11.30945125,9.303566034260504,1205.7960140804798,1201.0,1211.75,11.0,4.0,1.719417885,11
2019-12-04 00:00:00,2019-12-02,2019-12-06,59.9372044375,9.675322334045172,2235.0364441260103,2229.0,2242.75,14.0,5.5,4.5434209306875,12
2019-12-04 00:00:00,2019-12-02,2019-12-06,54.257706937500004,10.85869024515804,1873.0198372164205,1864.75,1879.0,14.5,9.25,5.5843021158125,12
2019-12-04 00:00:00,2019-12-02,2019-12-06,10.751236937499998,11.356727465155451,156.89079112123792,155.0,160.75,6.0,4.25,1.0848599846875,12
2019-12-04 00:00:00,2019-12-02,2019-12-06,10.207788687499999,17.460211646047068,1196.767362641146,1195.0,1198.25,3.5,2.75,0.49396535856249996,12
2019-12-04 00:00:00,2019-12-02,2019-12-06,36.4322881875,14.028000848992791,1192.95681953083,1188.5,1197.75,9.5,5.0,3.31482996925,12
2019-12-07 00:00:00,2019-12-07,2019-12-07,11.908330625,20.196071340079207,1440.7805120958128,1440.0,1441.75,2.0,1.5,0.46286839462500007,12
2019-12-10 12:00:00,2019-12-10,2019-12-11,13.535676875,20.119194364725846,1440.7340843755367,1440.0,1441.75,2.0,2.25,0.253217246,12
2019-12-14 12:00:00,2019-12-14,2019-12-15,28.0321075,18.32020085138087,1705.4645831235666,1703.25,1707.75,4.75,2.25,0.6044687224374999,12
2019-12-14 12:00:00,2019-12-14,2019-12-15,13.9527465,8.8195296363784,1706.960281793803,1702.25,1711.5,9.5,4.25,2.2383575863125005,12
2019-12-14 12:00:00,2019-12-14,2019-12-15,85.357671375,14.090807693930895,1705.6488490460022,1698.75,1716.5,18.0,12.5,7.2708259368125,12
2019-12-26 00:00:00,2019-12-22,2019-12-30,11.5312694375,5.183575750178545,1540.9025879162339,1536.0,1544.25,8.5,5.75,2.1474645836875,12
2019-12-26 00:00:00,2019-12-22,2019-12-30,17.425181249999998,6.699185950002673,1480.988073906333,1477.25,1484.5,7.5,7.0,2.6946186136875,12
2019-12-26 00:00:00,2019-12-22,2019-12-30,14.942744062500001,5.68262128101011,1471.708852645267,1467.0,1476.75,10.0,6.0,2.792353032125,12
2019-12-26 00:00:00,2019-12-22,2019-12-30,24.5824943125,9.012885991489437,2210.044548703483,2206.25,2214.75,8.75,6.75,2.6087438575624997,12
2019-12-26 00:00:00,2019-12-22,2019-12-30,16.589799937499997,16.452342952078777,1786.9875409240076,1784.0,1790.75,7.0,3.75,1.5622998197499998,12
2019-12-26 00:00:00,2019-12-22,2019-12-30,23.683736375,10.268235354476454,679.3256127730871,673.0,684.75,12.0,6.75,3.7896283516875,12
2019-12-26 00:00:00,2019-12-22,2019-12-30,57.7236545,7.058164204914468,1562.1880510804067,1553.75,1569.0,15.5,11.0,7.8694623601250004,12
2019-12-26 00:00:00,2019-12-22,2019-12-30,10.4792200625,8.908450198592725,76.93904865152744,75.0,80.0,5.25,5.5,1.6463309689374999,12
2019-12-26 00:00:00,2019-12-22,2019-12-30,11.6797285,8.826517926711652,1088.2859610269406,1084.75,1093.75,9.25,6.5,2.0889138476875,12
2019-12-26 00:00:00,2019-12-22,2019-12-30,22.388418125,6.0442474574395595,1193.1141573290865,1188.75,1195.75,7.25,8.0,2.8648950028125,12
2019-12-26 00:00:00,2019-12-22,2019-12-30,12.531589,16.21134765286948,1193.4074088165316,1190.0,1197.5,7.75,4.5,1.8432001013125001,12
2019-12-26 00:00:00,2019-12-22,2019-12-30,55.8280770625,16.632547694278287,837.7101707875187,832.5,843.75,11.5,6.25,4.3829980766875,12
2019-12-26 00:00:00,2019-12-22,2019-12-30,11.667318625,7.260355758798007,861.7434140796424,856.25,866.75,10.75,4.0,2.237853772875,12
2019-12-26 00:00:00,2019-12-22,2019-12-30,19.4774016875,6.98747223894183,989.9745642014489,987.0,994.25,7.5,8.0,2.64678743825,12
2019-12-26 00:00:00,2019-12-22,2019-12-30,13.713345687500002,6.900917655803095,935.6599314127988,931.25,939.75,8.75,4.5,2.0826425685,12
2020-01-30 00:00:00,2020-01-27,2020-02-02,13.202764375,11.542782115279552,369.12574660619134,368.25,370.75,2.75,1.75,1.18226730625,1
2020-02-22 12:00:00,2020-02-22,2020-02-23,10.995294375,17.628862795908542,1363.4970874330274,1363.0,1364.0,1.25,1.5,0.4565757025625,2
2020-03-26 00:00:00,2020-03-19,2020-04-02,12.830013312499997,9.104178611213738,2091.176663843875,2089.25,2094.75,5.75,3.25,1.0225167528124999,3
2020-03-26 00:00:00,2020-03-19,2020-04-02,10.008974375,15.660688807463355,1036.0012340799906,1035.0,1036.75,2.0,1.0,0.41123874937500005,3
2020-03-26 00:00:00,2020-03-19,2020-04-02,21.2152179375,16.18667906345777,990.5650822599227,987.0,995.75,9.0,5.25,2.521223996875,3
2020-03-26 00:00:00,2020-03-19,2020-04-02,21.289315375,9.361056321955584,1303.083588337766,1299.0,1307.75,9.0,5.0,2.9533284835625,3
2020-04-05 00:00:00,2020-04-02,2020-04-08,25.7397165,19.382424587650373,1428.9636202930303,1427.0,1430.75,4.0,5.75,1.483588278375,4
2020-04-12 00:00:00,2020-04-08,2020-04-16,14.363086062499999,11.895971410905485,1565.8215303612265,1562.0,1569.25,7.5,5.75,2.422936145875,4
2020-04-12 00:00:00,2020-04-08,2020-04-16,20.135855375,7.409833557139115,1638.3827257752828,1636.0,1642.25,6.5,7.75,2.6004534606875,4
2020-04-12 00:00:00,2020-04-08,2020-04-16,12.668816812500001,7.472416900524584,1285.7540877411454,1282.0,1288.75,7.0,5.5,1.8242276221875002,4
2020-04-12 00:00:00,2020-04-08,2020-04-16,11.870401062500001,10.790615314982748,2133.333835837592,2131.25,2136.75,5.75,5.5,1.48761454975,4
2020-04-12 00:00:00,2020-04-08,2020-04-16,40.24503312499999,10.041889741813328,646.3513307884438,638.5,655.75,17.5,9.0,5.2026199296249995,4
2020-04-12 00:00:00,2020-04-08,2020-04-16,13.249687187500001,7.441550353582639,496.53071283357417,492.0,500.75,9.0,4.25,1.9936448785624998,4
2020-04-12 00:00:00,2020-04-08,2020-04-16,18.8454164375,8.802755455659321,31.804231642692244,26.0,37.75,12.0,5.0,3.1941912205000005,4
2020-04-12 00:00:00,2020-04-08,2020-04-16,11.98294,9.211075336582676,465.22120329636346,462.0,470.75,9.0,5.0,2.2055437743125,4
2020-04-12 00:00:00,2020-04-08,2020-04-16,36.7051453125,10.8676680615239,1001.3134914451069,994.25,1006.25,12.25,9.25,5.36505134425,4
2020-04-12 00:00:00,2020-04-08,2020-04-16,23.570113125,9.264905632214695,954.4608882657836,948.0,960.75,13.0,6.5,4.3263538194375,4
2020-04-12 00:00:00,2020-04-08,2020-04-16,14.681125999999999,8.402965568257503,941.55792827237,938.0,944.75,7.0,6.25,2.9003712616249997,4
2020-04-12 00:00:00,2020-04-08,2020-04-16,81.685073375,16.79162097435038,1090.9222613458064,1084.75,1096.75,12.25,4.5,3.422728546,4
2020-04-12 00:00:00,2020-04-08,2020-04-16,24.717677000000002,14.781322182652925,1084.089557118879,1081.5,1087.75,6.5,6.75,2.5792179908749997,4
2020-04-12 00:00:00,2020-04-08,2020-04-16,11.7280135,6.735102005979103,748.1184449230257,743.0,753.75,11.0,4.25,2.4993270211249996,4
2020-04-12 00:00:00,2020-04-08,2020-04-16,10.9468535625,12.161035513760671,841.8500670258236,839.25,844.0,5.0,6.5,1.8447444790625,4
2020-04-12 00:00:00,2020-04-08,2020-04-16,25.5183929375,8.283769381397198,813.9032364797697,805.0,822.75,18.0,7.25,4.0268884476875,4
2020-04-12 00:00:00,2020-04-08,2020-04-16,21.717052250000002,13.621160477563198,828.7156918361237,825.0,831.75,7.0,8.0,3.3576631598125,4
2020-06-21 12:00:00,2020-06-19,2020-06-24,14.967409999999997,20.22181991991267,1440.8293694120262,1440.0,1441.75,2.0,2.25,0.43689274618749996,6
2020-07-05 00:00:00,2020-07-02,2020-07-08,10.77873875,13.3825695747566,630.9288192171371,630.0,631.75,2.0,0.5,0.36305653037499996,7
2020-07-05 00:00:00,2020-07-02,2020-07-08,10.936032125,16.34810654645914,1016.9469092520611,1016.0,1017.75,2.0,2.25,1.3121993718750002,7
2020-08-09 12:00:00,2020-08-05,2020-08-14,10.2694490625,9.436662735406601,1880.0756343413261,1878.25,1882.75,4.75,5.5,1.2783228143124998,8
2020-09-03 12:00:00,2020-08-20,2020-09-18,12.229321749999999,10.544675318461552,1880.3054225991214,1876.0,1882.75,7.0,4.0,1.4672672303124998,9
2020-09-03 12:00:00,2020-08-20,2020-09-18,279.306709875,18.068145865947482,1518.2507495562072,1509.5,1527.25,18.0,17.75,17.084005363499998,9
2020-09-03 12:00:00,2020-08-20,2020-09-18,14.342160937500001,10.012709250033476,1512.9733105138118,1509.5,1516.75,7.5,5.25,2.1437657115,9
2021-01-06 00:00:00,2020-12-17,2021-01-26,11.923100375,6.9350872643727115,1521.3586037088633,1519.25,1523.25,4.25,2.75,0.7937865423749999,1
2021-01-06 00:00:00,2020-12-17,2021-01-26,11.27413,20.26124504728968,1386.1862232246524,1385.5,1386.75,1.5,1.0,0.26265062375,1
2021-01-06 00:00:00,2020-12-17,2021-01-26,16.76804125,11.533834005507352,369.0186361585316,368.0,370.75,3.0,1.25,1.830207169375,1
2021-01-06 00:00:00,2020-12-17,2021-01-26,22.809188999999996,5.685078643085469,378.0057507517859,369.25,384.75,15.75,6.0,2.9548676055625,1
2021-02-22 12:00:00,2021-02-08,2021-03-09,65.326759375,16.729801900188015,629.0137448843108,625.0,631.75,7.0,4.75,1.363113001125,2
2021-02-22 12:00:00,2021-02-08,2021-03-09,20.258213125,13.972152135764937,630.0392213608671,627.75,632.75,5.25,2.75,0.5400662459375,2
2021-02-22 12:00:00,2021-02-08,2021-03-09,20.2163578125,12.536168318678198,1579.2904023173066,1576.0,1582.75,7.0,6.0,2.27388503525,2
2021-02-22 12:00:00,2021-02-08,2021-03-09,54.9535348125,15.690898021645348,598.5411000989556,587.75,605.75,18.25,7.75,4.439054333375,2
2021-02-22 12:00:00,2021-02-08,2021-03-09,14.292568125,18.310835725420056,617.3998671249992,616.0,618.5,2.75,1.5,0.3600142850625,2
2021-02-22 12:00:00,2021-02-08,2021-03-09,269.4068919375,15.702296652873466,622.6011286855487,613.0,628.25,15.5,7.75,6.6968683945625,2
2021-02-22 12:00:00,2021-02-08,2021-03-09,373.3045965,5.43097710516337,628.6792744368538,618.25,636.25,18.25,4.5,7.8146578333125,2
2021-03-30 12:00:00,2021-03-09,2021-04-21,24.3838504375,12.19448863794217,1584.2647870174483,1580.0,1588.75,9.0,5.0,2.5087030396875,3
2021-03-30 12:00:00,2021-03-09,2021-04-21,17.8966788125,9.852988337804758,1886.5069168961488,1884.0,1889.0,5.25,4.75,1.8573984139375,3
2021-03-30 12:00:00,2021-03-09,2021-04-21,14.0675636875,7.232786010711991,583.1143884993697,579.0,587.75,9.0,7.5,2.172173514625,3
2021-03-30 12:00:00,2021-03-09,2021-04-21,192.37677424999998,5.664663698514272,627.6414593589999,615.0,637.75,23.0,5.25,7.4191557038125,3
2021-03-30 12:00:00,2021-03-09,2021-04-21,22.529533125,8.878142330290745,629.5893965484693,625.0,632.75,8.0,2.25,1.0423983186249999,3
2021-03-30 12:00:00,2021-03-09,2021-04-21,111.73759074999998,19.49810909497461,625.2487160425464,617.25,633.75,16.75,3.75,4.7418525877499995,3
2021-06-08 12:00:00,2021-05-04,2021-07-14,68.0657959375,18.26418217089368,577.097931237003,570.0,582.75,13.0,6.0,3.567279256875,6
2021-06-08 12:00:00,2021-05-04,2021-07-14,15.638331874999999,8.73706214909191,583.2079673839094,582.0,584.5,2.75,1.25,0.1853279278125,6
2021-06-08 12:00:00,2021-05-04,2021-07-14,19.658236875,6.355535139230282,627.6969092170302,623.5,631.75,8.5,4.25,1.5497543396875,6
2021-06-08 12:00:00,2021-05-04,2021-07-14,13.443708125,19.091963315273926,639.9481660519351,638.75,640.75,2.25,1.75,0.3278834800625,6
2021-06-08 12:00:00,2021-05-04,2021-07-14,62.75362374999999,18.945404392881777,607.8251778721982,604.0,610.75,7.0,3.5,1.3888731334375,6
2021-06-08 12:00:00,2021-05-04,2021-07-14,27.958429374999998,16.169754808070298,614.9657284150461,613.0,616.75,4.0,1.5,0.434673787875,6
2021-07-27 00:00:00,2021-07-14,2021-08-09,12.514339625,5.959994258386607,643.709520163504,642.0,645.75,4.0,1.75,0.6087132343749999,7
2021-07-27 00:00:00,2021-07-14,2021-08-09,11.084236874999998,12.725152495556898,621.8526991793922,621.0,622.75,2.0,0.75,0.0810703640625,7
2021-07-27 00:00:00,2021-07-14,2021-08-09,10.72781875,8.92535921503148,628.4505912199065,627.75,629.0,1.5,0.75,0.11647432499999998,7
2021-07-27 00:00:00,2021-07-14,2021-08-09,715.1957441249999,10.913390760401851,582.4277339887111,557.25,608.0,51.0,9.75,20.90840289675,7
2021-07-27 00:00:00,2021-07-14,2021-08-09,27.914326312499995,15.61186713307323,605.1331566167277,602.0,609.75,8.0,3.25,0.7584638126250001,7
2021-07-27 00:00:00,2021-07-14,2021-08-09,14.725659375000001,17.99408321274238,596.5232796982139,594.5,598.75,4.5,1.25,0.28725505575,7
2021-07-27 00:00:00,2021-07-14,2021-08-09,13.080546250000001,17.711212294555356,592.5997313806753,590.0,594.5,4.75,1.25,0.3108280889375,7
2021-07-27 00:00:00,2021-07-14,2021-08-09,67.750225625,15.996167148373244,586.1019474372414,581.0,589.75,9.0,3.75,1.690486511375,7
2021-07-27 00:00:00,2021-07-14,2021-08-09,14.154276875,17.120667801247176,590.0667200721972,588.5,591.75,3.5,1.75,0.34316191518749994,7
2021-08-26 12:00:00,2021-08-09,2021-09-13,370.7434411875,8.088472713741579,622.067390781154,598.25,654.5,56.5,14.25,20.573832392874998,8
2021-08-26 12:00:00,2021-08-09,2021-09-13,10.659993750000002,7.266737301675245,603.3635725337549,602.0,605.75,4.0,1.5,0.269432811375,8
2021-08-26 12:00:00,2021-08-09,2021-09-13,12.268210187500001,5.087809804703429,578.7729095281182,576.0,581.75,6.0,2.0,0.7704161382500001,8
2021-08-26 12:00:00,2021-08-09,2021-09-13,264.5655410625,9.530434610652764,589.6458587627451,566.0,603.75,38.0,8.25,11.601466636875,8
2021-08-26 12:00:00,2021-08-09,2021-09-13,14.887811750000001,5.475030667703734,641.9303275567848,640.0,644.75,5.0,3.0,0.625096646625,8
2021-10-30 12:00:00,2021-10-27,2021-11-03,11.310674375,16.475625817846076,1631.5753291456595,1630.0,1632.75,3.0,2.0,0.31626040299999997,10
2021-10-30 12:00:00,2021-10-27,2021-11-03,25.960540625,16.65538327820359,1623.694178466526,1621.0,1625.75,5.0,3.75,0.9042493616250001,10
2021-10-30 12:00:00,2021-10-27,2021-11-03,20.115711875000006,15.8669032391005,1629.1524056879164,1627.5,1631.75,4.5,2.75,0.5814427749374999,10
2021-11-12 12:00:00,2021-11-03,2021-11-22,14.816826875,11.622120603757814,368.8081053369938,368.0,369.75,2.0,1.0,1.223968514375,11
2021-12-09 12:00:00,2021-12-06,2021-12-13,10.250276875,21.164639363704993,1387.9639632447731,1387.0,1388.75,2.0,0.75,0.6791798268749999,12
2021-12-09 12:00:00,2021-12-06,2021-12-13,14.046706874999998,11.495164958815305,369.16197873514045,368.0,370.75,3.0,1.25,1.6133173437500001,12
2021-12-09 12:00:00,2021-12-06,2021-12-13,10.737986874999999,7.086555111965528,45.1430645112192,44.5,45.75,1.5,1.0,0.6608753725,12
2022-01-27 00:00:00,2022-01-20,2022-02-03,10.03561125,14.6081768312817,2034.9097064995667,2034.0,2035.75,2.0,0.5,0.08380843156250001,1
2022-07-15 00:00:00,2022-07-12,2022-07-18,10.25794875,17.567804019419572,1640.9534945552589,1640.0,1641.75,2.0,1.75,0.512856514375,7
2022-07-15 00:00:00,2022-07-12,2022-07-18,14.32753375,13.848776715060957,1471.7643496215808,1471.0,1472.75,2.0,1.25,1.067120435,7
2022-07-15 00:00:00,2022-07-12,2022-07-18,16.0797024375,11.291834741041674,1730.2715195864614,1729.0,1731.75,3.0,1.0,1.9013912756250002,7
2022-07-15 00:00:00,2022-07-12,2022-07-18,12.037965625,18.416852710006804,881.3566028338988,880.0,882.5,2.75,1.0,0.8892156374999999,7
2022-07-15 00:00:00,2022-07-12,2022-07-18,10.993236875,7.079681007282943,45.096994237195496,44.5,45.75,1.5,1.5,0.7912476487499999,7
2022-07-15 00:00:00,2022-07-12,2022-07-18,14.626443125,11.649355625549598,369.61910231806615,368.5,370.75,2.5,1.0,1.3367650725000002,7
2022-08-13 12:00:00,2022-08-10,2022-08-17,10.359188125,19.993857249672256,1386.252031333778,1385.75,1386.75,1.25,1.0,0.792698494375,8
2022-08-13 12:00:00,2022-08-10,2022-08-17,10.523898749999999,11.289533352599008,1730.0190863794653,1729.0,1731.75,3.0,0.75,1.129971265,8
2022-08-13 12:00:00,2022-08-10,2022-08-17,15.183506249999999,11.666510102862441,369.3181352833111,368.25,370.75,2.75,1.0,0.705480515625,8
2022-08-13 12:00:00,2022-08-10,2022-08-17,15.594412500000002,7.244418884408114,45.102196259397395,44.5,45.75,1.5,1.5,1.1881987225000001,8
2022-09-27 00:00:00,2022-09-26,2022-09-28,10.19467625,19.579618823108778,1657.4711975895261,1657.0,1657.75,1.0,2.25,0.7490220840625,9
2022-09-27 00:00:00,2022-09-26,2022-09-28,16.264487499999998,11.64806171843718,369.35408111153214,368.25,370.75,2.75,1.0,0.9872057056250001,9
2022-09-27 00:00:00,2022-09-26,2022-09-28,13.76757875,20.095200937655793,1386.2262678745346,1385.5,1386.75,1.5,1.25,0.368545661875,9
2022-10-16 00:00:00,2022-10-13,2022-10-19,12.3026475,11.394330823914121,1730.3142055526055,1729.0,1731.75,3.0,0.75,0.753979698125,10
2022-10-16 00:00:00,2022-10-13,2022-10-19,14.071843125,13.980008970928603,1471.9090262540683,1471.0,1472.75,2.0,0.75,0.969077804375,10
2022-10-16 00:00:00,2022-10-13,2022-10-19,11.736360625,19.941488755804144,1386.2733528126826,1385.75,1386.75,1.25,1.0,0.17099345375,10
2022-10-16 00:00:00,2022-10-13,2022-10-19,10.860711875,18.487757348893854,881.1025329888884,880.0,882.0,2.25,1.0,1.2799792093750002,10
2022-10-16 00:00:00,2022-10-13,2022-10-19,16.650018125,11.637054777605535,369.42493420333744,368.25,370.75,2.75,1.0,0.4754847995,10
2022-11-24 12:00:00,2022-11-21,2022-11-28,10.225648125000001,19.95610379097608,1386.2203694056802,1385.5,1386.75,1.5,1.25,0.36638184375,11
2022-11-24 12:00:00,2022-11-21,2022-11-28,15.535150625000002,11.622558565874865,369.3824853786217,368.25,370.75,2.75,1.0,0.49968333687500005,11
2022-11-24 12:00:00,2022-11-21,2022-11-28,10.79323875,7.156512624628079,45.285370045321194,44.75,45.75,1.25,1.25,0.7252769937500001,11
2022-11-24 12:00:00,2022-11-21,2022-11-28,10.443227499999999,10.788587717494423,1355.1490612726047,1354.5,1355.75,1.5,1.25,0.525044992125,11
2022-11-24 12:00:00,2022-11-21,2022-11-28,15.248246250000001,6.040357868613907,1355.6702279676097,1354.5,1357.0,2.75,1.0,1.0946729825000001,11
2022-12-09 00:00:00,2022-12-06,2022-12-12,11.350893124999999,14.011210227455122,1471.9295014175373,1471.0,1472.75,2.0,1.25,1.2184679056250003,12
2022-12-09 00:00:00,2022-12-06,2022-12-12,10.657138750000001,6.366203314304225,914.9978777869669,914.25,915.75,1.75,1.0,1.106972286875,12
2022-12-09 00:00:00,2022-12-06,2022-12-12,14.240076250000001,11.654043317973805,369.49311870564947,368.5,370.75,2.5,1.0,0.76426002625,12
2022-12-09 00:00:00,2022-12-06,2022-12-12,13.3586925,6.058615544242073,1355.7216194506873,1354.5,1357.0,2.75,1.0,1.5236685493750002,12
2023-01-05 00:00:00,2023-01-04,2023-01-06,30.773115562500003,6.69074842913462,1621.62049881582,1616.0,1626.75,11.0,6.5,2.7072059866875,1
2023-01-05 00:00:00,2023-01-04,2023-01-06,15.3527605,5.282751322026094,1603.0529985033065,1599.5,1606.75,7.5,4.5,2.1352023401875004,1
2023-01-05 00:00:00,2023-01-04,2023-01-06,10.544506250000001,5.632085094963549,1547.6080364775257,1543.75,1550.75,7.25,5.25,1.7651352903124997,1
2023-01-05 00:00:00,2023-01-04,2023-01-06,12.079101125000001,8.331118118226286,2148.5350155323536,2146.0,2150.75,5.0,3.75,1.3550404876250002,1
2023-01-05 00:00:00,2023-01-04,2023-01-06,10.3109253125,5.180131675257928,2212.625268597832,2209.0,2216.75,8.0,5.0,1.6113641415625,1
2023-01-05 00:00:00,2023-01-04,2023-01-06,55.399815812499995,5.507499434342096,347.38827029132733,336.0,363.75,28.0,7.0,7.78554916675,1
2023-01-05 00:00:00,2023-01-04,2023-01-06,17.435441687500003,5.262115296570113,1381.4334413988372,1376.75,1385.25,8.75,5.75,2.683516157125,1
2023-01-13 00:00:00,2023-01-09,2023-01-17,16.4500255625,13.57845430722716,1706.777327014906,1703.0,1708.75,6.0,5.0,1.2825931788125,1
2023-01-13 00:00:00,2023-01-09,2023-01-17,12.670518125000001,7.868838013431673,1442.2194178881002,1440.0,1444.75,5.0,6.75,1.5862262192499998,1
2023-01-13 00:00:00,2023-01-09,2023-01-17,50.54003562499999,14.621045395360268,1717.7824223004297,1713.5,1721.75,8.5,4.25,1.6536060111875002,1
2023-01-13 00:00:00,2023-01-09,2023-01-17,18.137829374999995,13.941963872675366,1728.1134194513425,1726.5,1730.0,3.75,2.25,0.6667803217499999,1
2023-01-13 00:00:00,2023-01-09,2023-01-17,10.02736625,14.616282824390703,1731.8388738636877,1730.25,1732.75,2.75,3.0,0.4494578385,1
2023-01-13 00:00:00,2023-01-09,2023-01-17,22.644804375,14.423063160155916,1724.3691721489536,1722.0,1726.0,4.25,2.75,0.6241010689374998,1
2023-01-13 00:00:00,2023-01-09,2023-01-17,21.254938062500003,7.72446735679002,378.9747219557147,374.0,383.0,9.25,5.25,2.5273586319375,1
2023-01-13 00:00:00,2023-01-09,2023-01-17,12.8000215,8.661402602429224,110.5826910146694,106.0,114.75,9.0,3.5,2.0023235965625,1
2023-01-13 00:00:00,2023-01-09,2023-01-17,10.847750812500001,7.916530680815727,348.81848263239914,344.0,353.0,9.25,6.25,1.708895352125,1
2023-01-21 12:00:00,2023-01-20,2023-01-23,14.444484375,6.593778964072575,369.615851514473,367.0,371.75,5.0,5.0,1.600147848375,1
2023-01-21 12:00:00,2023-01-20,2023-01-23,26.594020375000003,8.326112391863202,386.11082185566306,382.0,390.75,9.0,7.25,2.767671314,1
2023-01-21 12:00:00,2023-01-20,2023-01-23,10.4951283125,5.1801163483869495,1472.606677638106,1468.0,1476.75,9.0,4.0,1.743650863125,1
2023-01-21 12:00:00,2023-01-20,2023-01-23,12.4848913125,7.250039550304256,24.07661420570737,21.0,27.75,7.0,4.75,1.9991009761875,1
2023-01-28 00:00:00,2023-01-23,2023-02-02,10.396081875,20.184247929703805,1386.2547254731967,1385.75,1386.75,1.25,1.25,0.97178141,1
2023-01-28 00:00:00,2023-01-23,2023-02-02,34.8748570625,10.671105529692378,2217.783283632831,2212.0,2222.75,11.0,3.75,2.4670680976875,1
2023-01-28 00:00:00,2023-01-23,2023-02-02,44.7011348125,12.90200615041153,914.0474516966157,909.75,918.0,8.5,9.5,4.938742393625001,1
2023-01-28 00:00:00,2023-01-23,2023-02-02,10.556251875000003,11.650383543448745,369.5591038379329,368.5,370.75,2.5,1.0,1.5006119,1
2023-03-11 12:00:00,2023-03-06,2023-03-17,10.683331875,13.528705654269492,817.6450247175346,816.5,818.75,2.5,4.0,0.542945173375,3
2023-04-21 00:00:00,2023-04-17,2023-04-25,13.716069375000002,11.624828799121612,369.4382909831447,368.25,370.75,2.75,1.0,1.2995184521874998,4
2023-07-09 00:00:00,2023-07-06,2023-07-12,37.1231895,14.429150398785778,1504.2854719466352,1501.0,1507.0,6.25,9.25,2.883890209875,7
2023-07-09 00:00:00,2023-07-06,2023-07-12,14.840443750000002,13.231342907536037,1465.9203994173859,1465.0,1466.75,2.0,0.75,0.23690116562500002,7
2023-07-09 00:00:00,2023-07-06,2023-07-12,14.985815249999998,14.229501443665203,1498.387534662779,1496.0,1500.75,5.0,6.75,1.220004134375,7
2023-10-01 00:00:00,2023-09-29,2023-10-03,15.764025,20.1375216672138,1386.1251956392798,1385.5,1386.75,1.5,1.5,0.7569184140624999,10
2023-10-01 00:00:00,2023-09-29,2023-10-03,12.558674374999999,9.6367740768221,2066.7972117528925,2066.0,2067.75,2.0,1.25,0.3493274475,10
2023-10-01 00:00:00,2023-09-29,2023-10-03,11.906483125,11.635488016428868,369.4962384463548,368.25,370.75,2.75,1.0,0.5504568450000001,10
2024-01-03 12:00:00,2023-12-28,2024-01-10,35.9715201875,5.5295907223291305,1552.1764798725155,1542.0,1559.75,18.0,6.0,4.4411688255,1
2024-01-14 12:00:00,2024-01-10,2024-01-19,25.610732624999997,5.410542112761992,1477.1439992258665,1471.0,1482.75,12.0,4.5,2.945303477125,1
2024-01-14 12:00:00,2024-01-10,2024-01-19,25.758415499999998,5.533750954493883,1459.9782213342328,1455.0,1465.75,11.0,5.25,3.5952109579375,1
2024-01-14 12:00:00,2024-01-10,2024-01-19,12.075263875000001,5.571289080059544,1900.294418582892,1895.0,1904.25,9.5,4.5,1.7605526448750002,1
2024-01-14 12:00:00,2024-01-10,2024-01-19,12.1831835625,6.424246666654047,1643.5943582021052,1640.0,1647.25,7.5,4.25,2.02172217525,1
2024-01-21 00:00:00,2024-01-19,2024-01-23,60.8291534375,12.303456730921647,1493.408596813809,1487.5,1498.75,11.5,8.5,5.23748944325,1
2024-01-21 00:00:00,2024-01-19,2024-01-23,30.9814953125,11.038360303481559,1944.8518546232006,1940.0,1948.0,8.25,8.0,3.2495787565,1
2024-01-21 00:00:00,2024-01-19,2024-01-23,28.1715795,16.01120111194422,397.204002092672,393.0,399.75,7.0,4.0,1.3574254632500002,1
2024-01-21 00:00:00,2024-01-19,2024-01-23,11.809208,12.304791435050088,921.6825782857854,918.75,924.0,5.5,5.5,1.4318039674375,1
2024-02-03 00:00:00,2024-01-29,2024-02-08,10.4788035,8.84664281297717,1550.4992017680622,1547.5,1553.75,6.5,7.0,2.00490967,2
2024-02-03 00:00:00,2024-01-29,2024-02-08,20.2857290625,8.539728098261444,2278.412349308126,2275.0,2282.5,7.75,5.5,3.0202034979374996,2
2024-02-03 00:00:00,2024-01-29,2024-02-08,12.2962595,11.914924509156627,2152.74199243401,2150.0,2155.75,6.0,4.0,1.1889815881875,2
2024-02-03 00:00:00,2024-01-29,2024-02-08,16.0990785625,13.524937509331133,383.6745227144346,380.25,387.75,7.75,5.0,1.8922249715625,2
2024-02-03 00:00:00,2024-01-29,2024-02-08,51.2357720625,7.80269588330457,802.2663026445098,787.0,815.75,29.0,8.5,8.591708301250002,2
2024-02-03 00:00:00,2024-01-29,2024-02-08,17.793996687499998,9.051236975825981,942.0593285197764,937.0,948.75,12.0,7.0,3.232350571375,2
2024-02-03 00:00:00,2024-01-29,2024-02-08,13.8048728125,7.194126057345739,950.4976335065835,945.0,956.75,12.0,4.0,2.694901775625,2
2024-02-03 00:00:00,2024-01-29,2024-02-08,19.432893375,7.315890504905321,746.9234861912322,742.75,753.75,11.25,7.0,3.3487811803125,2
2024-02-10 00:00:00,2024-02-08,2024-02-12,15.491343749999999,6.034707098520747,1472.2405888712044,1467.75,1475.75,8.25,5.0,2.165466032375,2
2024-03-11 00:00:00,2024-03-08,2024-03-14,16.6392125,20.170378499733687,1386.1548936642134,1385.5,1386.75,1.5,1.5,0.5763394434375,3
2024-03-11 00:00:00,2024-03-08,2024-03-14,16.124788125,11.628201141867718,369.3587961582131,368.0,370.75,3.0,1.0,0.7836518743749998,3
2024-04-12 12:00:00,2024-04-09,2024-04-16,11.2868631875,6.830322961853037,409.0250218712505,406.5,411.75,5.5,2.5,0.72474511675,4
2024-04-12 12:00:00,2024-04-09,2024-04-16,19.6127679375,6.482804096459014,414.8984879475213,412.25,418.0,6.0,5.0,1.7597070346875001,4
2024-04-21 00:00:00,2024-04-16,2024-04-26,13.56612875,20.916351032990896,1495.8429876319728,1495.0,1496.75,2.0,2.75,0.33561597493749995,4
2024-06-16 00:00:00,2024-06-11,2024-06-21,16.475838312500002,6.989047185736334,2180.379008379592,2176.25,2184.25,8.25,4.25,1.9746053270625001,6
2024-06-16 00:00:00,2024-06-11,2024-06-21,17.188267125,6.65398151738493,2187.774095380012,2185.0,2191.75,7.0,6.25,1.937485731,6
2024-06-16 00:00:00,2024-06-11,2024-06-21,22.39405625,17.48345326843144,355.30978037140994,354.75,355.75,1.25,1.5,0.07998041431250001,6
2024-06-16 00:00:00,2024-06-11,2024-06-21,26.68265625,12.87400113603757,355.87526664675664,355.0,356.75,2.0,1.0,0.041730523874999995,6
2024-06-16 00:00:00,2024-06-11,2024-06-21,26.78672125,9.627433855169937,345.6901847461547,345.0,346.75,2.0,2.25,0.2155811113125,6
2024-07-26 00:00:00,2024-07-23,2024-07-29,14.006351874999998,12.857572834253817,1465.9274475825994,1465.0,1466.75,2.0,1.5,1.12765586625,7
2024-07-26 00:00:00,2024-07-23,2024-07-29,12.3431175,20.156591568135035,1386.2611183924969,1385.75,1386.75,1.25,1.5,1.1228402896875,7
2024-08-24 00:00:00,2024-08-21,2024-08-27,11.972361000000001,19.804890901427047,1440.7507582229396,1440.0,1441.75,2.0,2.0,0.360692976875,8
2024-08-31 12:00:00,2024-08-27,2024-09-05,10.813189375,13.02269621191204,1465.819935324355,1465.0,1466.75,2.0,0.75,0.45059097125,8
2024-08-31 12:00:00,2024-08-27,2024-09-05,13.0711125,15.62594674420406,1035.9125551430684,1035.0,1036.75,2.0,1.0,0.593467075,8
2024-09-14 00:00:00,2024-09-11,2024-09-17,10.705400000000001,7.485132736749678,2086.9093168809663,2086.0,2087.75,2.0,1.25,0.435971261875,9
2024-09-14 00:00:00,2024-09-11,2024-09-17,18.298746249999997,20.37959569566139,1440.7878809849476,1440.0,1441.75,2.0,1.75,0.5349865158749999,9
2024-09-20 12:00:00,2024-09-17,2024-09-24,10.699333125,12.975283170393853,1465.8272833651488,1465.0,1466.75,2.0,1.0,0.6141448243750001,9
2024-10-06 00:00:00,2024-10-03,2024-10-09,10.5457775,15.6021026247235,98.02717943567936,97.0,99.5,2.75,0.5,0.1879837461875,10
2024-10-13 12:00:00,2024-10-09,2024-10-18,24.427621249999998,20.0228567077525,1440.819385241768,1440.0,1441.75,2.0,3.25,2.36320483875,10
2024-10-13 12:00:00,2024-10-09,2024-10-18,13.021075625,20.124341446254373,1386.2233961230447,1385.5,1386.75,1.5,1.5,1.88701660275,10
2024-11-08 00:00:00,2024-11-04,2024-11-12,10.583425375000001,9.898442335003471,1442.1221704074824,1440.0,1444.25,4.5,5.5,1.3014706133124998,11
2024-11-08 00:00:00,2024-11-04,2024-11-12,10.903449375000001,17.98858522065179,1279.6103858532383,1277.0,1282.75,6.0,1.5,0.5645279559375,11
2024-11-15 12:00:00,2024-11-12,2024-11-19,19.3674825,8.001627793680722,888.3868708978438,881.0,895.75,15.0,6.25,3.252788989875,11
2024-11-22 12:00:00,2024-11-19,2024-11-26,10.398925937500001,17.32922115033334,547.4388035386946,545.0,548.75,4.0,2.25,0.5585472139375002,11
2024-12-08 00:00:00,2024-12-03,2024-12-13,16.903751875,19.92181192170984,1440.7085158202487,1440.0,1441.75,2.0,2.5,1.06292423725,12
2024-12-28 12:00:00,2024-12-27,2024-12-30,27.08289875,19.7681221023285,1440.7815794874987,1440.0,1441.75,2.0,3.75,1.0969946571874998,12
2025-01-12 00:00:00,2025-01-10,2025-01-14,21.786265,20.190654775784196,1440.7925715754857,1440.0,1441.75,2.0,2.25,0.455926093875,1
2025-01-26 00:00:00,2025-01-24,2025-01-28,17.417478125,19.8692582773805,1440.6683398751939,1440.0,1441.75,2.0,2.75,1.4815256549999998,1
2025-02-15 00:00:00,2025-02-10,2025-02-20,17.473086125000002,10.558449935994062,1716.1839988301576,1712.25,1720.75,8.75,4.75,2.265057304875,2
2025-02-15 00:00:00,2025-02-10,2025-02-20,16.6101758125,16.371438852319795,1713.252903267358,1711.75,1714.75,3.25,4.75,1.1693988603749998,2
2025-02-15 00:00:00,2025-02-10,2025-02-20,15.170851124999999,7.828053884361416,1495.7743293988228,1492.0,1499.5,7.75,6.0,1.988345039875,2
2025-03-02 00:00:00,2025-02-25,2025-03-07,13.57548775,19.994888750636232,1440.789938454513,1440.0,1441.75,2.0,2.0,0.6056791093124999,3
2025-03-14 00:00:00,2025-03-10,2025-03-18,14.0894335,5.004406065634222,1143.485511558183,1139.25,1147.75,8.75,5.25,2.2975559116875,3
2025-03-14 00:00:00,2025-03-10,2025-03-18,18.596101874999995,20.013601514873937,1440.834649183702,1440.0,1441.75,2.0,2.0,0.41613536075000007,3
2025-03-14 00:00:00,2025-03-10,2025-03-18,23.85303025,7.748602024448235,23.40181401716245,16.0,31.75,16.0,5.25,3.9274902504375,3
2025-03-21 00:00:00,2025-03-18,2025-03-24,11.6025061875,7.486845961550581,1852.3357196954526,1851.0,1852.75,2.0,7.5,0.9604565418749998,3
2025-03-21 00:00:00,2025-03-18,2025-03-24,10.45224,20.22007943990953,1386.2230790212193,1385.5,1386.75,1.5,1.25,0.579634925625,3
2025-03-28 00:00:00,2025-03-24,2025-04-01,16.683394999999997,20.17004601543931,1440.798491657049,1440.0,1441.75,2.0,2.0,0.7592128273749998,3
2025-04-04 12:00:00,2025-04-01,2025-04-08,497.3623346875,18.19494039377935,1614.1347068830014,1604.25,1624.0,20.0,11.75,15.4959659993125,4
2025-04-18 00:00:00,2025-04-15,2025-04-21,14.837408125,20.308016176427042,1386.0594719247,1385.25,1386.75,1.75,1.5,0.664205632375,4
2025-04-25 00:00:00,2025-04-21,2025-04-29,10.053228125,17.575679811180052,1640.9617918125175,1640.0,1641.75,2.0,1.5,0.21305101931250003,4
2025-04-25 00:00:00,2025-04-21,2025-04-29,14.4480111875,20.164191500812052,1440.7045528290469,1440.0,1441.75,2.0,2.0,0.44525424093750005,4
2025-04-25 00:00:00,2025-04-21,2025-04-29,20.3824934375,6.700469221603301,1721.1817916919788,1714.75,1728.25,13.75,3.75,2.438677239875,4
2025-04-25 00:00:00,2025-04-21,2025-04-29,16.46272125,7.350696985697306,1288.6818053014777,1287.0,1290.75,4.0,1.25,0.28150696093750005,4
2025-05-02 00:00:00,2025-04-29,2025-05-05,62.3265629375,6.85026567003248,1796.6546955092053,1779.25,1815.75,36.75,5.25,10.758628004374998,5
2025-05-02 00:00:00,2025-04-29,2025-05-05,32.526893375,7.10392647127494,1833.54495388147,1824.5,1843.75,19.5,5.25,6.0167547843125,5
2025-05-02 00:00:00,2025-04-29,2025-05-05,21.134285875000003,8.102616688840449,1736.9677899706296,1733.25,1740.75,7.75,5.75,2.6236960589375,5
2025-05-02 00:00:00,2025-04-29,2025-05-05,12.096261875000003,20.120523533122498,1386.154937599782,1385.5,1386.75,1.5,1.25,0.367454277125,5
2025-05-09 12:00:00,2025-05-05,2025-05-14,29.4071328125,6.29385647667857,1881.9181398247079,1870.0,1894.75,25.0,3.5,3.146786461875,5
2025-05-09 12:00:00,2025-05-05,2025-05-14,26.889053187500004,6.656105668568178,1918.3537341878234,1909.75,1928.5,19.0,5.0,4.0361306471875,5
2025-05-09 12:00:00,2025-05-05,2025-05-14,16.26901875,20.062097543144695,1440.7670673995783,1440.0,1441.75,2.0,2.25,0.38595965131249993,5
2025-05-16 12:00:00,2025-05-14,2025-05-19,16.4131398125,8.792927048003847,1942.998873610171,1939.25,1947.0,8.0,3.75,1.5200544853750002,5
2025-05-23 00:00:00,2025-05-19,2025-05-27,14.98208425,7.980271852654615,1887.4169202939004,1883.0,1891.0,8.25,4.5,2.1495838959999998,5
2025-05-30 00:00:00,2025-05-27,2025-06-02,25.919826625,8.094721414465674,2106.3498268679346,2097.0,2116.75,20.0,4.0,2.9750274125625,5
2025-06-07 12:00:00,2025-06-02,2025-06-13,115.656076625,13.996181021700165,2104.109582738034,2091.0,2112.75,22.0,4.75,4.5923229559375,6
2025-06-07 12:00:00,2025-06-02,2025-06-13,51.4924975,8.841426929476475,2094.8103132099486,2091.0,2098.0,7.25,3.25,1.4776392655625,6
2025-06-07 12:00:00,2025-06-02,2025-06-13,14.073655624999999,8.793879679626594,2090.921546058862,2089.75,2092.5,3.0,1.5,0.307697082375,6
2025-06-07 12:00:00,2025-06-02,2025-06-13,24.167539374999997,7.426858315866508,2099.2215110956035,2097.0,2101.75,5.0,2.25,0.36564815537500006,6
2025-06-07 12:00:00,2025-06-02,2025-06-13,23.488200874999997,13.36747975341151,2130.397945483474,2125.0,2136.75,12.0,3.75,2.2796162222499996,6
2025-06-07 12:00:00,2025-06-02,2025-06-13,22.329182062500003,14.396472852217354,1392.6511696256628,1390.25,1394.75,4.75,6.5,1.6237765965625002,6
2025-06-14 12:00:00,2025-06-13,2025-06-16,10.55544125,20.633471593383174,1388.8544971710683,1388.0,1389.75,2.0,0.5,0.1408115,6
2025-06-21 12:00:00,2025-06-16,2025-06-27,82.4660729375,7.134398583512337,1804.8322302816748,1784.0,1824.0,40.25,5.75,9.3631077754375,6
2025-06-21 12:00:00,2025-06-16,2025-06-27,99.2947061875,6.988385819812012,2109.782546952108,2091.0,2132.75,42.0,6.25,14.439189621812499,6
2025-06-29 00:00:00,2025-06-27,2025-07-01,37.8838975625,7.29802456794469,1791.7576673035887,1787.0,1797.0,10.25,3.5,2.40373670625,6
2025-06-29 00:00:00,2025-06-27,2025-07-01,38.516200062500005,6.933727259676241,1827.6801004132187,1821.0,1834.0,13.25,4.0,3.1178640483124997,6
2025-06-29 00:00:00,2025-06-27,2025-07-01,42.646274875,8.915318800675788,1782.3678293909252,1778.75,1785.75,7.25,5.25,2.227895903125,6
2025-07-06 00:00:00,2025-07-01,2025-07-11,227.97517575,9.412954047462229,1805.6785001969947,1783.0,1833.25,50.5,9.75,19.7964570325625,7
2025-07-18 00:00:00,2025-07-14,2025-07-22,22.0472640625,9.72820322022666,1822.0317523206004,1817.5,1828.0,10.75,5.0,3.4279565081875,7
2025-07-18 00:00:00,2025-07-14,2025-07-22,34.916555625,8.19765828670565,1811.7758223628482,1810.0,1813.75,4.0,1.5,0.3998507430625,7
2025-07-18 00:00:00,2025-07-14,2025-07-22,10.45732625,11.811594930276753,1805.0223114662078,1804.0,1806.75,3.0,1.5,0.2970391244375,7
2025-07-25 00:00:00,2025-07-22,2025-07-28,10.6247761875,6.729140203241576,1847.0235860983046,1843.0,1850.75,8.0,4.5,1.79683805725,7
2025-08-01 00:00:00,2025-07-28,2025-08-05,37.572807562499996,10.0415634672403,1835.3551246368384,1827.75,1844.0,16.5,4.75,3.202354663,8
2025-08-01 00:00:00,2025-07-28,2025-08-05,163.80950074999998,7.244547889589519,2115.8231564679068,2086.0,2138.75,53.0,5.75,16.1507072486875,8
2025-08-09 00:00:00,2025-08-05,2025-08-13,33.54396375,13.17972213499217,1818.4131312522657,1810.0,1824.0,14.25,6.25,4.387185189,8
2025-08-09 00:00:00,2025-08-05,2025-08-13,69.1166206875,8.433490713079937,2099.6073371411235,2090.0,2110.75,21.0,7.0,7.4054637398125,8
2025-08-09 00:00:00,2025-08-05,2025-08-13,11.9976540625,8.100404653326366,2091.243762017486,2087.0,2097.75,11.0,5.0,1.357941559375,8
2025-08-09 00:00:00,2025-08-05,2025-08-13,13.2853228125,7.1773173981729315,1866.7588831053292,1861.75,1871.75,10.25,4.0,2.2770139869375,8
2025-08-09 00:00:00,2025-08-05,2025-08-13,17.3557983125,14.157277285354489,1845.9501355433185,1843.0,1849.5,6.75,4.25,1.850636055,8
2025-08-09 00:00:00,2025-08-05,2025-08-13,36.4960945,9.130420084657963,1841.8596116124324,1834.25,1846.75,12.75,4.25,1.7508854398750002,8
2025-08-09 00:00:00,2025-08-05,2025-08-13,16.35538625,20.078757144339832,1440.7074345318888,1440.0,1441.75,2.0,2.0,0.5003293513125001,8
2025-08-09 00:00:00,2025-08-05,2025-08-13,37.48136381250001,7.271341720671547,1800.0632742484197,1783.0,1817.25,34.5,3.75,6.5757661333125,8
2025-08-17 00:00:00,2025-08-13,2025-08-21,52.929509124999996,11.813925043769244,1843.7284078017724,1836.0,1850.75,15.0,8.25,6.804943461124999,8
2025-08-17 00:00:00,2025-08-13,2025-08-21,24.336325625,14.245266406152469,1802.6072726005448,1800.0,1804.75,5.0,2.0,0.38347991768750006,8
2025-08-30 12:00:00,2025-08-25,2025-09-05,19.708565625,20.24493429332202,1440.8014985711322,1440.0,1441.75,2.0,1.75,0.36906552824999994,8
2025-09-08 00:00:00,2025-09-05,2025-09-11,27.378138125,7.631577477157241,1792.695738188323,1784.0,1801.75,18.0,5.0,5.415436074437499,9
2025-09-19 00:00:00,2025-09-15,2025-09-23,37.4290174375,6.5844172995831665,1785.2629861331231,1777.25,1793.75,16.75,3.25,3.474931584,9
2025-09-19 00:00:00,2025-09-15,2025-09-23,11.103011874999998,9.836857316137024,1795.5472765019454,1795.0,1796.75,2.0,1.5,0.19783936562499999,9
2025-09-19 00:00:00,2025-09-15,2025-09-23,14.451651624999998,6.42376051883447,1835.0386579311228,1829.5,1841.75,12.5,2.75,2.2441151960625003,9
2025-09-19 00:00:00,2025-09-15,2025-09-23,17.021306250000002,20.003728736667902,1440.822468053825,1440.0,1441.75,2.0,1.75,0.3387768384375,9
2025-10-03 12:00:00,2025-09-30,2025-10-07,62.100983812500004,7.405475405003672,1807.9544510132212,1782.0,1832.75,51.0,4.75,8.442445174375,10
2025-10-03 12:00:00,2025-09-30,2025-10-07,12.134063125,20.13342113454268,1386.2778944202582,1385.75,1386.75,1.25,1.25,0.49931945375000003,10
2025-10-12 12:00:00,2025-10-08,2025-10-17,21.367156875,19.980961405984903,1440.8216932947123,1440.0,1441.75,2.0,2.5,0.5578783605625,10
2025-10-12 12:00:00,2025-10-08,2025-10-17,38.970249499999994,15.321696695834602,919.5310937730526,915.0,924.5,9.75,8.5,4.576875427875,10
2025-10-19 12:00:00,2025-10-17,2025-10-22,10.7201596875,20.222732274189827,1386.2359633620779,1385.75,1386.75,1.25,1.25,0.5224322965625,10
2025-10-31 12:00:00,2025-10-27,2025-11-05,10.552408250000001,21.71445730764823,1476.4049644722095,1476.0,1477.0,1.25,1.25,0.26149802625,10
2025-10-31 12:00:00,2025-10-27,2025-11-05,14.108145,20.268474788854242,1440.8369897318178,1440.0,1441.75,2.0,1.5,0.71321958725,10
2025-10-31 12:00:00,2025-10-27,2025-11-05,14.485422125,15.56066321746906,870.7261485851418,867.75,874.25,6.75,5.25,1.6899638135,10
2025-11-13 12:00:00,2025-11-10,2025-11-17,15.9697265,6.753877138644171,1371.8154196893652,1367.25,1375.75,8.75,5.75,2.03277514975,11
